{
  "users": [
    {
      "id": "878c",
      "Address": "Mehrauli,New Delhi",
      "Department": "IT",
      "Designation": "Associate Developer",
      "Role": "admin",
      "Contact": "9958186814",
      "Name": "Ritanshu Babuta",
      "Email": "ritanshubabuta399@gmail.com",
      "password": "$2b$10$bEhOiokCmUcoD0AwsNT9LuFfH.sK1NHZI3K7UEe5AE5PtcD3MTmD.",
      "faceEmbedding": [],
      "profileimage":""
    },
    {
      "id": "6ac9",
      "Address": "Aya Nagar,Delhi",
      "Department": "IT",
      "Designation": "Graphic Designer",
      "Role": "employee",
      "Contact": "9958182344",
      "Name": "Roushan",
      "Email": "roushan@gmail.com",
      "password": "$2b$10$ywOJi0YKsDMN82r9Ldu3NewJAlzsxGwuycWyjYfNuzejFHoqmR7ki",
      "faceEmbedding": [],
      "profileimage":""
    },
    {
      "id": "f1ef",
      "Address": "Gaziabad",
      "Department": "IT",
      "Designation": "Consultant",
      "Role": "employee",
      "Contact": "9958483233",
      "Name": "Shivani Sah",
      "Email": "shivanisah@gmail.com",
      "password": "$2b$10$HpGPKaaOCtJkSryHFjrUieUXi6O0krbStZL9Rvk69xZu6J9bA5hA2",
      "faceEmbedding": [],
      "profileimage":""
    }
  ],
  "attendance": [
    {
      "id": "att_001",
      "userId": "878c",
      "date": "2025-12-15",
      "status": "present",
      "time": "10:02:11",
      "method": "face"
    }
  ],
  "login": [],
  "leaves": [],
  "break": [],
  "storage": []
}
