{
  "users": [
    {
      "id": "878c",
      "Address": "Mehrauli,New Delhi",
      "Department": "IT",
      "Designation": "Associate Developer",
      "Role": "admin",
      "Contact": "9958186814",
      "Name": "Ritanshu Babuta",
      "Email": "ritanshubabuta399@gmail.com",
      "password": "$2b$10$bEhOiokCmUcoD0AwsNT9LuFfH.sK1NHZI3K7UEe5AE5PtcD3MTmD."
    },
    {
      "id": "6ac9",
      "Address": "Aya Nagar,Delhi",
      "Department": "IT",
      "Designation": "Graphic Designer",
      "Role": "employee",
      "Contact": "9958182344",
      "Name": "Roushan",
      "Email": "Roushan@email.com",
      "password": "$2b$10$ywOJi0YKsDMN82r9Ldu3NewJAlzsxGwuycWyjYfNuzejFHoqmR7ki"
    }
  ],
  "attendance": [{}],
  "login": [{}],
  "leaves":[{}],
  "break":[{}],
  "storage":[{}]
}


